<?xml version="1.0" encoding="UTF-8"?>
<project-private xmlns="http://www.netbeans.org/ns/project-private/1">
    <editor-bookmarks xmlns="http://www.netbeans.org/ns/editor-bookmarks/2" lastBookmarkId="0"/>
    <open-files xmlns="http://www.netbeans.org/ns/projectui-open-files/2">
        <group>
            <file>file:/C:/Users/guilherme/Desktop/Projeto/ControleReservatorio/ControleReservatorio-war/web/style/index.css</file>
            <file>file:/C:/Users/guilherme/Desktop/Projeto/ControleReservatorio/ControleReservatorio-war/web/style/cadastrar.css</file>
            <file>file:/C:/Users/guilherme/Desktop/Projeto/ControleReservatorio/ControleReservatorio-war/web/entrar.html</file>
            <file>file:/C:/Users/guilherme/Desktop/Projeto/ControleReservatorio/ControleReservatorio-war/web/style/menuIcon.css</file>
            <file>file:/C:/Users/guilherme/Desktop/Projeto/ControleReservatorio/ControleReservatorio-war/src/java/web/Pet.java</file>
        </group>
    </open-files>
</project-private>
